id,title,score,num_comments,author,created_utc,url,over_18,edited,spoiler,stickied
1c0uf21,And so it begins. Databricks just couldn't help themselves. Get your wallets out.,282,154,dataengineeringdude,2024-04-10 19:38:20,https://www.reddit.com/r/dataengineering/comments/1c0uf21/and_so_it_begins_databricks_just_couldnt_help/,False,False,False,False
1c0qaxv,A year into building a data project,82,19,digitalghost-dev,2024-04-10 16:50:11,https://www.reddit.com/r/dataengineering/comments/1c0qaxv/a_year_into_building_a_data_project/,False,False,False,False
1c1cbfg,"Common DE pipelines and their tech stacks on AWS, GCP and Azure",61,15,_areebpasha,2024-04-11 11:06:55,https://i.redd.it/1t2lrh8q1utc1.jpeg,False,False,False,False
1c12gcs,I used to be confident of my skills but now I'm not so sure anymore,17,10,Yveltal444,2024-04-11 01:21:31,https://www.reddit.com/r/dataengineering/comments/1c12gcs/i_used_to_be_confident_of_my_skills_but_now_im/,False,False,False,False
1c0r1l9,Why Matillion with Snowflake?,15,12,avin_045,2024-04-10 17:20:28,https://www.reddit.com/r/dataengineering/comments/1c0r1l9/why_matillion_with_snowflake/,False,False,False,False
1c0y1eg,Databricks and DBT; would it have been better to simply use dbt-core over pyspark?,13,13,50mm_foto,2024-04-10 22:05:08,https://www.reddit.com/r/dataengineering/comments/1c0y1eg/databricks_and_dbt_would_it_have_been_better_to/,False,False,False,False
1c11nfb,Using Python and Pandas to calculate net issuance of U.S. treasury securities,11,0,dharmatech,2024-04-11 00:44:09,https://v.redd.it/31knaxx8yqtc1,False,False,False,False
1c1bigb,Conduktor 2.0 - Free Tier Expansion - Collaborative Kafka Development Platform,6,0,data-stash,2024-04-11 10:16:52,https://www.reddit.com/r/dataengineering/comments/1c1bigb/conduktor_20_free_tier_expansion_collaborative/,False,False,False,False
1c0o54t,a list of ai analytics tools,5,0,rickradewagen,2024-04-10 15:20:18,https://www.reddit.com/r/dataengineering/comments/1c0o54t/a_list_of_ai_analytics_tools/,False,False,False,False
1c140s0,Any Data-engineers in Food industry?,4,2,Any-Insurance4148,2024-04-11 02:36:25,https://www.reddit.com/r/dataengineering/comments/1c140s0/any_dataengineers_in_food_industry/,False,False,False,False
1c0yckq,Alternative to Unity Catalog,3,12,Letmeout1,2024-04-10 22:17:45,https://www.reddit.com/r/dataengineering/comments/1c0yckq/alternative_to_unity_catalog/,False,False,False,False
1c0wscx,"Trying to switch jobs, how do I navigate the having no ""professional"" cloud experience problem?",4,5,Even_Work_7995,2024-04-10 21:14:22,https://www.reddit.com/r/dataengineering/comments/1c0wscx/trying_to_switch_jobs_how_do_i_navigate_the/,False,False,False,False
1c0tanl,Building a Data Lakehouse in BigQuery - best practices?,4,7,PuddingGryphon,2024-04-10 18:52:56,https://www.reddit.com/r/dataengineering/comments/1c0tanl/building_a_data_lakehouse_in_bigquery_best/,False,False,False,False
1c0o4s2,Masking PII with Stateful Service Composition and Fluvio Streams,5,0,drc1728,2024-04-10 15:19:54,https://infinyon.com/blog/2024/04/mask-pii-stateful-streaming,False,False,False,False
1c1crqh,"How to ask to be involved in more work, as a contractor",5,16,Laidbackwoman,2024-04-11 11:33:06,https://www.reddit.com/r/dataengineering/comments/1c1crqh/how_to_ask_to_be_involved_in_more_work_as_a/,False,False,False,False
1c1c39b,Spark (Databricks): how to efficiently DESCRIBE thousands of tables?,3,5,cyberZamp,2024-04-11 10:53:40,https://www.reddit.com/r/dataengineering/comments/1c1c39b/spark_databricks_how_to_efficiently_describe/,False,False,False,False
1c0ofix,Best practice to develop derived attributes in DWH? Aggregated Facts as Dimension Attributes - Dimensional Modeling,2,3,Kindly-Screen-2557,2024-04-10 15:32:14,https://www.reddit.com/r/dataengineering/comments/1c0ofix/best_practice_to_develop_derived_attributes_in/,False,False,False,False
1c1eifq,I know good sql amd basic python what to learn next to move towars data engineering,0,2,Narrow-Tea-9187,2024-04-11 13:02:44,https://www.reddit.com/r/dataengineering/comments/1c1eifq/i_know_good_sql_amd_basic_python_what_to_learn/,False,False,False,False
1c1eh6h,Data warehouse project for a newbie,2,1,Fair-Celery4044,2024-04-11 13:01:15,https://www.reddit.com/r/dataengineering/comments/1c1eh6h/data_warehouse_project_for_a_newbie/,False,False,False,False
1c1e1o7,Some tips for Postgres (RDS) for a simple data warehouse,1,2,zambizzi,2024-04-11 12:40:45,https://www.reddit.com/r/dataengineering/comments/1c1e1o7/some_tips_for_postgres_rds_for_a_simple_data/,False,False,False,False
1c1b4xv,Bytebase 2.15.0 - brand new GitOps for database schema change,1,0,Adela_freedom,2024-04-11 09:52:57,https://www.bytebase.com/changelog/bytebase-2-15-0/,False,False,False,False
1c188uj,Doubts in multiple spark.sql statements usage in spark scala,1,6,Varun_123,2024-04-11 06:34:27,https://www.reddit.com/r/dataengineering/comments/1c188uj/doubts_in_multiple_sparksql_statements_usage_in/,False,False,False,False
1c1021w,I need design suggestions for a major overhaul. What are some good ways to implement checkpoints / date control in Pyspark - Hadoop ETL pipelines?,1,7,knightfall0,2024-04-10 23:30:46,https://www.reddit.com/r/dataengineering/comments/1c1021w/i_need_design_suggestions_for_a_major_overhaul/,False,False,False,False
1c0zaze,Polars' scan_csv vs read_csv_batched,1,2,soposih_jaevel,2024-04-10 22:58:22,https://www.reddit.com/r/dataengineering/comments/1c0zaze/polars_scan_csv_vs_read_csv_batched/,False,False,False,False
1c0y2y9,Passing arguments to scala jar from a spark session,1,1,khante,2024-04-10 22:06:54,https://www.reddit.com/r/dataengineering/comments/1c0y2y9/passing_arguments_to_scala_jar_from_a_spark/,False,False,False,False
1c0vsve,Performance Analysis tools for a Step Function Flow ?,1,0,vandelay82,2024-04-10 20:33:18,https://www.reddit.com/r/dataengineering/comments/1c0vsve/performance_analysis_tools_for_a_step_function/,False,False,False,False
1c0v01p,APIs to BigQuery Pipeline - thoughts required,1,1,AhmidAziz,2024-04-10 20:01:25,https://www.reddit.com/r/dataengineering/comments/1c0v01p/apis_to_bigquery_pipeline_thoughts_required/,False,False,False,False
1c0qhrc,Task Monitoring in snowflake ,1,1,New_Mechanic_9502,2024-04-10 16:57:56,https://www.reddit.com/r/dataengineering/comments/1c0qhrc/task_monitoring_in_snowflake/,False,False,False,False
1c0qg7p,Using Streamlit (via Snowflake) as a data ingestion and update tool (versus Sigma BI tool),1,5,MasterKluch,2024-04-10 16:56:06,https://www.reddit.com/r/dataengineering/comments/1c0qg7p/using_streamlit_via_snowflake_as_a_data_ingestion/,False,False,False,False
1c1an72,How Can Data Engineers Harness Generative AI for Innovation?,0,2,Delicious_Attempt_99,2024-04-11 09:17:59,https://www.reddit.com/r/dataengineering/comments/1c1an72/how_can_data_engineers_harness_generative_ai_for/,False,False,False,False
1c10vai,How to choose the Right OLAP Storage,0,0,Opiumred14,2024-04-11 00:07:31,https://www.reddit.com/r/dataengineering/comments/1c10vai/how_to_choose_the_right_olap_storage/,False,False,False,False
1c0zb08,Databricks taking long time to save pyspark dataframe as a delta table,0,10,bongdong42O,2024-04-10 22:58:24,https://www.reddit.com/r/dataengineering/comments/1c0zb08/databricks_taking_long_time_to_save_pyspark/,False,False,False,False
1c0syna,Efficient data model,0,4,laterunner-3,2024-04-10 18:39:15,https://www.reddit.com/r/dataengineering/comments/1c0syna/efficient_data_model/,False,False,False,False
1c0otb3,Coinbase,0,1,No_Cat_8466,2024-04-10 15:48:28,https://www.reddit.com/r/dataengineering/comments/1c0otb3/coinbase/,False,False,False,False
